what,kind,bundleId,bundleVersion,description,time
started,bundle,org.eclipse.ltk.ui.refactoring,3.6.0.v20110505-0800,"org.eclipse.ltk.ui.refactoring",1334198348963
started,bundle,org.eclipse.m2e.logback.configuration,1.0.0.20110607-2117,"org.eclipse.m2e.logback.configuration",1334198348967
started,bundle,org.eclipse.mylyn.bugzilla.ui,3.6.0.v20110608-1400,"org.eclipse.mylyn.bugzilla.ui",1334198348975
started,bundle,org.eclipse.mylyn.commons.identity,0.8.0.v20110608-1400,"org.eclipse.mylyn.commons.identity",1334198348982
started,bundle,org.eclipse.mylyn.commons.net,3.6.0.v20110608-1400,"org.eclipse.mylyn.commons.net",1334198348982
started,bundle,org.eclipse.mylyn.context.ui,3.6.0.v20110608-1400,"org.eclipse.mylyn.context.ui",1334198348987
started,bundle,org.eclipse.mylyn.monitor.ui,3.6.0.v20110608-1400,"org.eclipse.mylyn.monitor.ui",1334198348990
started,bundle,org.eclipse.mylyn.team.ui,3.6.0.v20110608-1400,"org.eclipse.mylyn.team.ui",1334198348992
started,bundle,org.eclipse.search,3.7.0.v20110505-0800,"org.eclipse.search",1334198349003
started,bundle,org.eclipse.team.core,3.6.0.I20110525-0800,"org.eclipse.team.core",1334198349034
started,bundle,org.eclipse.team.cvs.core,3.3.400.I20110510-0800,"org.eclipse.team.cvs.core",1334198349078
started,bundle,org.eclipse.team.ui,3.6.100.I20110525-0800,"org.eclipse.team.ui",1334198349094
started,bundle,org.eclipse.ui,3.7.0.I20110602-0100,"org.eclipse.ui",1334198349096
started,bundle,org.eclipse.ui.console,3.5.100.v20110511,"org.eclipse.ui.console",1334198349218
started,bundle,org.eclipse.ui.editors,3.7.0.v20110517-0800,"org.eclipse.ui.editors",1334198349218
started,bundle,org.eclipse.ui.forms,3.5.100.v20110425,"org.eclipse.ui.forms",1334198349276
started,bundle,org.eclipse.ui.ide,3.7.0.I20110519-0100,"org.eclipse.ui.ide",1334198349309
started,bundle,org.eclipse.ui.net,1.2.100.I20110511-0800,"org.eclipse.ui.net",1334198349355
started,bundle,org.eclipse.ui.views,3.6.0.I20110412-0800,"org.eclipse.ui.views",1334198349359
started,bundle,org.eclipse.ui.workbench,3.7.0.I20110519-0100,"org.eclipse.ui.workbench",1334198349403
started,bundle,org.eclipse.ui.workbench.texteditor,3.7.0.v20110505-0800,"org.eclipse.ui.workbench.texteditor",1334198349465
started,bundle,org.eclipse.mylyn.bugzilla.core,3.6.1.v20110720-0100,"org.eclipse.mylyn.bugzilla.core",1334198349496
started,bundle,org.eclipse.mylyn.commons.ui,3.6.1.v20110720-0100,"org.eclipse.mylyn.commons.ui",1334198349541
started,bundle,org.eclipse.mylyn.context.core,3.6.1.v20110720-0100,"org.eclipse.mylyn.context.core",1334198349566
started,bundle,org.eclipse.mylyn.tasks.ui,3.6.1.v20110728-0200,"org.eclipse.mylyn.tasks.ui",1334198349699
started,bundle,org.eclipse.team.svn.mylyn,0.7.9.I20110318-1700,"org.eclipse.team.svn.mylyn",1334198349745
os,sysinfo,,,"macosx",1334198349748
arch,sysinfo,,,"x86_64",1334198349748
ws,sysinfo,,,"cocoa",1334198349748
locale,sysinfo,,,"en_US",1334198349748
processors,sysinfo,,,"2",1334198349748
java.runtime.name,sysinfo,,,"Java(TM) SE Runtime Environment",1334198349748
java.runtime.version,sysinfo,,,"1.6.0_31-b04-414-11M3626",1334198349748
java.specification.name,sysinfo,,,"Java Platform API Specification",1334198349748
java.specification.vendor,sysinfo,,,"Sun Microsystems Inc.",1334198349748
java.specification.version,sysinfo,,,"1.6",1334198349748
java.vendor,sysinfo,,,"Apple Inc.",1334198349748
java.version,sysinfo,,,"1.6.0_31",1334198349748
java.vm.info,sysinfo,,,"mixed mode",1334198349748
java.vm.name,sysinfo,,,"Java HotSpot(TM) 64-Bit Server VM",1334198349748
java.vm.specification.name,sysinfo,,,"Java Virtual Machine Specification",1334198349748
java.vm.specification.vendor,sysinfo,,,"Sun Microsystems Inc.",1334198349748
java.vm.specification.version,sysinfo,,,"1.0",1334198349748
java.vm.vendor,sysinfo,,,"Apple Inc.",1334198349748
java.vm.version,sysinfo,,,"20.6-b01-414",1334198349748
started,bundle,org.eclipse.m2e.usagedata,1.0.0.20110607-2117,"org.eclipse.m2e.usagedata",1334198349855
started,bundle,org.eclipse.team.svn.core,0.7.9.I20110523-1700,"org.eclipse.team.svn.core",1334198350492
started,bundle,org.eclipse.epp.usagedata.ui,1.3.1.R201106061540,"org.eclipse.epp.usagedata.ui",1334198351246
started,bundle,org.eclipse.team.svn.ui,0.7.9.I20110523-1700,"org.eclipse.team.svn.ui",1334198351544
started,bundle,org.polarion.eclipse.team.svn.connector.svnkit16,2.2.2.I20110523-1700,"org.polarion.eclipse.team.svn.connector.svnkit16",1334198351694
started,bundle,org.eclipse.update.scheduler,3.2.300.v20100512,"org.eclipse.update.scheduler",1334198351825
started,bundle,org.eclipse.team.svn.revision.graph,0.7.9.I20110318-1700,"org.eclipse.team.svn.revision.graph",1334198352457
started,bundle,org.eclipse.update.configurator,3.3.100.v20100512,"org.eclipse.update.configurator",1334198352862
started,bundle,org.eclipse.update.core,3.2.500.v20110330,"org.eclipse.update.core",1334198352966
started,bundle,org.eclipse.wb.discovery.core,1.0.0.r37x201106081733,"org.eclipse.wb.discovery.core",1334198353155
started,bundle,org.eclipse.wb.discovery.ui,1.0.0.r37x201106081733,"org.eclipse.wb.discovery.ui",1334198362465
activated,workbench,org.eclipse.ui.workbench,3.7.0.I20110519-0100,"",1334441663361
activated,view,org.eclipse.jdt.ui,3.7.0.v20110531-1200,"org.eclipse.jdt.ui.PackageExplorer",1334441670208
deactivated,workbench,org.eclipse.ui.workbench,3.7.0.I20110519-0100,"",1334441671320
activated,workbench,org.eclipse.ui.workbench,3.7.0.I20110519-0100,"",1334441672947
closed,workbench,org.eclipse.ui.workbench,3.7.0.I20110519-0100,"",1334441674843
started,bundle,org.eclipse.compare,3.5.200.I20110525-0800,"org.eclipse.compare",1334441679657
stopped,bundle,org.eclipse.m2e.logback.configuration,1.0.0.20110607-2117,"org.eclipse.m2e.logback.configuration",1334441682606
stopped,bundle,org.eclipse.m2e.discovery,1.0.0.20110607-2117,"org.eclipse.m2e.discovery",1334441682859
stopped,bundle,org.eclipse.m2e.refactoring,1.0.0.20110607-2117,"org.eclipse.m2e.refactoring",1334441682967
stopped,bundle,org.eclipse.m2e.editor,1.0.0.20110607-2117,"org.eclipse.m2e.editor",1334441683092
activated,perspective,org.eclipse.jdt.ui,,"org.eclipse.jdt.ui.JavaPerspective",1337038318610
started,bundle,org.eclipse.osgi,3.7.0.v20110613,"org.eclipse.osgi",1337038318611
started,bundle,org.eclipse.equinox.simpleconfigurator,1.0.200.v20110502-1955,"org.eclipse.equinox.simpleconfigurator",1337038318649
started,bundle,com.ibm.icu,4.4.2.v20110208,"com.ibm.icu",1337038318682
started,bundle,org.eclipse.compare.core,3.5.200.I20110208-0800,"org.eclipse.compare.core",1337038318736
started,bundle,org.eclipse.core.contenttype,3.4.100.v20110423-0524,"org.eclipse.core.contenttype",1337038318742
started,bundle,org.eclipse.core.databinding.observable,1.4.0.I20110222-0800,"org.eclipse.core.databinding.observable",1337038318799
started,bundle,org.eclipse.core.expressions,3.4.300.v20110228,"org.eclipse.core.expressions",1337038318811
started,bundle,org.eclipse.core.filebuffers,3.5.200.v20110505-0800,"org.eclipse.core.filebuffers",1337038318841
started,bundle,org.eclipse.core.filesystem,1.3.100.v20110423-0524,"org.eclipse.core.filesystem",1337038318846
started,bundle,org.eclipse.core.jobs,3.5.100.v20110404,"org.eclipse.core.jobs",1337038318855
started,bundle,org.eclipse.core.net,1.2.100.I20110511-0800,"org.eclipse.core.net",1337038318863
started,bundle,org.eclipse.core.resources,3.7.100.v20110510-0712,"org.eclipse.core.resources",1337038318933
started,bundle,org.eclipse.core.runtime,3.7.0.v20110110,"org.eclipse.core.runtime",1337038318951
started,bundle,org.eclipse.core.runtime.compatibility,3.2.100.v20100505,"org.eclipse.core.runtime.compatibility",1337038318980
started,bundle,org.eclipse.core.runtime.compatibility.auth,3.2.200.v20110110,"org.eclipse.core.runtime.compatibility.auth",1337038318989
started,bundle,org.eclipse.core.variables,3.2.500.v20110511,"org.eclipse.core.variables",1337038319037
started,bundle,org.eclipse.debug.core,3.7.0.v20110518,"org.eclipse.debug.core",1337038319189
started,bundle,org.eclipse.epp.mpc.ui,1.1.0.I20110525-0742,"org.eclipse.epp.mpc.ui",1337038319205
started,bundle,org.eclipse.epp.usagedata.gathering,1.3.1.R201106061540,"org.eclipse.epp.usagedata.gathering",1337038319226
started,bundle,org.eclipse.epp.usagedata.recording,1.3.1.R201106061540,"org.eclipse.epp.usagedata.recording",1337038319308
started,bundle,org.eclipse.equinox.app,1.3.100.v20110321,"org.eclipse.equinox.app",1337038319330
started,bundle,org.eclipse.equinox.common,3.6.0.v20110523,"org.eclipse.equinox.common",1337038319362
started,bundle,org.eclipse.equinox.ds,1.3.0.v20110502,"org.eclipse.equinox.ds",1337038319414
started,bundle,org.eclipse.equinox.event,1.2.100.v20110502,"org.eclipse.equinox.event",1337038319442
started,bundle,org.eclipse.equinox.p2.core,2.1.0.v20110502-1955,"org.eclipse.equinox.p2.core",1337038319479
started,bundle,org.eclipse.equinox.p2.directorywatcher,1.0.300.v20110502-1955,"org.eclipse.equinox.p2.directorywatcher",1337038319519
started,bundle,org.eclipse.equinox.p2.engine,2.1.0.v20110511,"org.eclipse.equinox.p2.engine",1337038319597
started,bundle,org.eclipse.equinox.p2.metadata,2.1.0.v20110510,"org.eclipse.equinox.p2.metadata",1337038319666
started,bundle,org.eclipse.equinox.p2.metadata.repository,1.2.0.v20110511-1359,"org.eclipse.equinox.p2.metadata.repository",1337038319676
started,bundle,org.eclipse.equinox.p2.operations,2.1.0.v20110511-1821,"org.eclipse.equinox.p2.operations",1337038319994
started,bundle,org.eclipse.equinox.p2.reconciler.dropins,1.1.100.v20110510,"org.eclipse.equinox.p2.reconciler.dropins",1337038320028
started,bundle,org.eclipse.equinox.p2.repository,2.1.0.v20110601,"org.eclipse.equinox.p2.repository",1337038320082
started,bundle,org.eclipse.equinox.p2.ui.sdk.scheduler,1.0.100.v20110502-1955,"org.eclipse.equinox.p2.ui.sdk.scheduler",1337038320100
started,bundle,org.eclipse.equinox.p2.updatechecker,1.1.200.v20110502-1955,"org.eclipse.equinox.p2.updatechecker",1337038320107
started,bundle,org.eclipse.equinox.preferences,3.4.0.v20110502,"org.eclipse.equinox.preferences",1337038320114
started,bundle,org.eclipse.equinox.registry,3.5.100.v20110502,"org.eclipse.equinox.registry",1337038320171
started,bundle,org.eclipse.equinox.security,1.1.0.v20110502,"org.eclipse.equinox.security",1337038320209
started,bundle,org.eclipse.equinox.util,1.0.300.v20110502,"org.eclipse.equinox.util",1337038320237
started,bundle,org.eclipse.help,3.5.100.v20110426,"org.eclipse.help",1337038320244
started,bundle,org.eclipse.jdt.apt.core,3.3.500.v20110420-1015,"org.eclipse.jdt.apt.core",1337038320258
started,bundle,org.eclipse.jdt.apt.pluggable.core,1.0.400.v20110305-1450,"org.eclipse.jdt.apt.pluggable.core",1337038320259
started,bundle,org.eclipse.jdt.core,3.7.0.v_B61,"org.eclipse.jdt.core",1337038320319
started,bundle,org.eclipse.jdt.core.manipulation,1.4.0.v20110505-0800,"org.eclipse.jdt.core.manipulation",1337038320328
started,bundle,org.eclipse.jdt.launching,3.6.0.v20110509,"org.eclipse.jdt.launching",1337038320416
started,bundle,org.eclipse.jdt.launching.macosx,3.2.100.v20110509,"org.eclipse.jdt.launching.macosx",1337038320458
started,bundle,org.eclipse.jdt.ui,3.7.0.v20110531-1200,"org.eclipse.jdt.ui",1337038320458
started,bundle,org.eclipse.jface,3.7.0.I20110522-1430,"org.eclipse.jface",1337038320485
started,bundle,org.eclipse.jsch.core,1.1.300.I20110514-0800,"org.eclipse.jsch.core",1337038320499
started,bundle,org.eclipse.ltk.core.refactoring,3.5.200.v20110505-0800,"org.eclipse.ltk.core.refactoring",1337038320525
started,bundle,org.eclipse.ltk.ui.refactoring,3.6.0.v20110505-0800,"org.eclipse.ltk.ui.refactoring",1337038320591
started,bundle,org.eclipse.m2e.logback.configuration,1.0.0.20110607-2117,"org.eclipse.m2e.logback.configuration",1337038320603
started,bundle,org.eclipse.mylyn.bugzilla.ui,3.6.0.v20110608-1400,"org.eclipse.mylyn.bugzilla.ui",1337038320657
started,bundle,org.eclipse.mylyn.commons.identity,0.8.0.v20110608-1400,"org.eclipse.mylyn.commons.identity",1337038320668
started,bundle,org.eclipse.mylyn.commons.net,3.6.0.v20110608-1400,"org.eclipse.mylyn.commons.net",1337038320668
started,bundle,org.eclipse.mylyn.context.ui,3.6.0.v20110608-1400,"org.eclipse.mylyn.context.ui",1337038320798
started,bundle,org.eclipse.mylyn.monitor.ui,3.6.0.v20110608-1400,"org.eclipse.mylyn.monitor.ui",1337038320818
started,bundle,org.eclipse.mylyn.team.ui,3.6.0.v20110608-1400,"org.eclipse.mylyn.team.ui",1337038320853
started,bundle,org.eclipse.search,3.7.0.v20110505-0800,"org.eclipse.search",1337038320938
started,bundle,org.eclipse.team.core,3.6.0.I20110525-0800,"org.eclipse.team.core",1337038321003
started,bundle,org.eclipse.team.cvs.core,3.3.400.I20110510-0800,"org.eclipse.team.cvs.core",1337038321023
started,bundle,org.eclipse.team.cvs.ui,3.3.400.I20110510-0800,"org.eclipse.team.cvs.ui",1337038321029
started,bundle,org.eclipse.team.ui,3.6.100.I20110525-0800,"org.eclipse.team.ui",1337038321046
started,bundle,org.eclipse.ui,3.7.0.I20110602-0100,"org.eclipse.ui",1337038321094
started,bundle,org.eclipse.ui.console,3.5.100.v20110511,"org.eclipse.ui.console",1337038321137
started,bundle,org.eclipse.ui.editors,3.7.0.v20110517-0800,"org.eclipse.ui.editors",1337038321137
started,bundle,org.eclipse.ui.forms,3.5.100.v20110425,"org.eclipse.ui.forms",1337038321188
started,bundle,org.eclipse.ui.ide,3.7.0.I20110519-0100,"org.eclipse.ui.ide",1337038321195
started,bundle,org.eclipse.ui.net,1.2.100.I20110511-0800,"org.eclipse.ui.net",1337038321209
started,bundle,org.eclipse.ui.views,3.6.0.I20110412-0800,"org.eclipse.ui.views",1337038321221
started,bundle,org.eclipse.ui.workbench,3.7.0.I20110519-0100,"org.eclipse.ui.workbench",1337038321253
started,bundle,org.eclipse.ui.workbench.texteditor,3.7.0.v20110505-0800,"org.eclipse.ui.workbench.texteditor",1337038321260
started,bundle,org.eclipse.update.configurator,3.3.100.v20100512,"org.eclipse.update.configurator",1337038321264
started,bundle,org.eclipse.update.core,3.2.500.v20110330,"org.eclipse.update.core",1337038321292
started,bundle,org.eclipse.update.scheduler,3.2.300.v20100512,"org.eclipse.update.scheduler",1337038321331
started,bundle,org.eclipse.wb.discovery.core,1.0.0.r37x201106081733,"org.eclipse.wb.discovery.core",1337038321349
started,bundle,org.eclipse.mylyn.bugzilla.core,3.6.1.v20110720-0100,"org.eclipse.mylyn.bugzilla.core",1337038321455
started,bundle,org.eclipse.mylyn.commons.ui,3.6.1.v20110720-0100,"org.eclipse.mylyn.commons.ui",1337038321546
started,bundle,org.eclipse.mylyn.context.core,3.6.1.v20110720-0100,"org.eclipse.mylyn.context.core",1337038321599
started,bundle,org.eclipse.mylyn.tasks.ui,3.6.1.v20110728-0200,"org.eclipse.mylyn.tasks.ui",1337038321688
started,bundle,org.eclipse.team.svn.core,0.7.9.I20110523-1700,"org.eclipse.team.svn.core",1337038321803
started,bundle,org.eclipse.team.svn.mylyn,0.7.9.I20110318-1700,"org.eclipse.team.svn.mylyn",1337038321875
started,bundle,org.eclipse.team.svn.revision.graph,0.7.9.I20110318-1700,"org.eclipse.team.svn.revision.graph",1337038321928
started,bundle,org.eclipse.team.svn.ui,0.7.9.I20110523-1700,"org.eclipse.team.svn.ui",1337038321957
started,bundle,org.polarion.eclipse.team.svn.connector.svnkit16,2.2.2.I20110523-1700,"org.polarion.eclipse.team.svn.connector.svnkit16",1337038321963
os,sysinfo,,,"macosx",1337038322025
arch,sysinfo,,,"x86_64",1337038322025
ws,sysinfo,,,"cocoa",1337038322025
locale,sysinfo,,,"en_US",1337038322025
processors,sysinfo,,,"2",1337038322025
java.runtime.name,sysinfo,,,"Java(TM) SE Runtime Environment",1337038322025
java.runtime.version,sysinfo,,,"1.6.0_31-b04-415-11M3635",1337038322025
java.specification.name,sysinfo,,,"Java Platform API Specification",1337038322025
java.specification.vendor,sysinfo,,,"Sun Microsystems Inc.",1337038322025
java.specification.version,sysinfo,,,"1.6",1337038322025
java.vendor,sysinfo,,,"Apple Inc.",1337038322025
java.version,sysinfo,,,"1.6.0_31",1337038322025
java.vm.info,sysinfo,,,"mixed mode",1337038322025
java.vm.name,sysinfo,,,"Java HotSpot(TM) 64-Bit Server VM",1337038322025
java.vm.specification.name,sysinfo,,,"Java Virtual Machine Specification",1337038322025
java.vm.specification.vendor,sysinfo,,,"Sun Microsystems Inc.",1337038322025
java.vm.specification.version,sysinfo,,,"1.0",1337038322025
java.vm.vendor,sysinfo,,,"Apple Inc.",1337038322025
java.vm.version,sysinfo,,,"20.6-b01-415",1337038322025
started,bundle,org.eclipse.m2e.usagedata,1.0.0.20110607-2117,"org.eclipse.m2e.usagedata",1337038322091
activated,view,org.eclipse.jdt.ui,3.7.0.v20110531-1200,"org.eclipse.jdt.ui.PackageExplorer",1337038322481
started,bundle,org.eclipse.epp.usagedata.ui,1.3.1.R201106061540,"org.eclipse.epp.usagedata.ui",1337038323103
deactivated,workbench,org.eclipse.ui.workbench,3.7.0.I20110519-0100,"",1337038326244
started,bundle,org.eclipse.wb.discovery.ui,1.0.0.r37x201106081733,"org.eclipse.wb.discovery.ui",1337038330130
activated,workbench,org.eclipse.ui.workbench,3.7.0.I20110519-0100,"",1337038338015
activated,editor,org.eclipse.jdt.ui,3.7.0.v20110531-1200,"org.eclipse.jdt.ui.CompilationUnitEditor",1337038338056
activated,view,org.eclipse.jdt.ui,3.7.0.v20110531-1200,"org.eclipse.jdt.ui.PackageExplorer",1337038340848
started,bundle,org.eclipse.compare,3.5.200.I20110525-0800,"org.eclipse.compare",1337038341851
started,bundle,org.eclipse.debug.ui,3.7.0.v20110518,"org.eclipse.debug.ui",1337038344375
started,bundle,org.eclipse.jdt.debug,3.7.0.v20110509,"org.eclipse.jdt.debug",1337038350037
started,bundle,org.eclipse.jdt.debug.ui,3.6.0.v20110512,"org.eclipse.jdt.debug.ui",1337038350165
executed,command,org.eclipse.jdt.debug.ui,3.6.0.v20110512,"org.eclipse.jdt.debug.ui.javaAppletShortcut.run",1337038350452
started,bundle,org.eclipse.m2e.launching,1.0.0.20110607-2117,"org.eclipse.m2e.launching",1337038350741
deactivated,workbench,org.eclipse.ui.workbench,3.7.0.I20110519-0100,"",1337038351073
activated,workbench,org.eclipse.ui.workbench,3.7.0.I20110519-0100,"",1337038358283
deactivated,workbench,org.eclipse.ui.workbench,3.7.0.I20110519-0100,"",1337038404482
activated,workbench,org.eclipse.ui.workbench,3.7.0.I20110519-0100,"",1337038409599
executed,command,org.eclipse.jdt.debug.ui,3.6.0.v20110512,"org.eclipse.jdt.debug.ui.localJavaShortcut.run",1337038409662
deactivated,workbench,org.eclipse.ui.workbench,3.7.0.I20110519-0100,"",1337038410137
activated,workbench,org.eclipse.ui.workbench,3.7.0.I20110519-0100,"",1337038413579
deactivated,workbench,org.eclipse.ui.workbench,3.7.0.I20110519-0100,"",1337038415634
activated,workbench,org.eclipse.ui.workbench,3.7.0.I20110519-0100,"",1337038417294
closed,workbench,org.eclipse.ui.workbench,3.7.0.I20110519-0100,"",1337038417646
stopped,bundle,org.eclipse.m2e.logback.configuration,1.0.0.20110607-2117,"org.eclipse.m2e.logback.configuration",1337038418466
stopped,bundle,org.eclipse.m2e.discovery,1.0.0.20110607-2117,"org.eclipse.m2e.discovery",1337038418470
stopped,bundle,org.eclipse.m2e.refactoring,1.0.0.20110607-2117,"org.eclipse.m2e.refactoring",1337038418513
activated,perspective,org.eclipse.jdt.ui,,"org.eclipse.jdt.ui.JavaPerspective",1337038632954
started,bundle,org.eclipse.osgi,3.7.0.v20110613,"org.eclipse.osgi",1337038632955
started,bundle,org.eclipse.equinox.simpleconfigurator,1.0.200.v20110502-1955,"org.eclipse.equinox.simpleconfigurator",1337038632956
started,bundle,com.ibm.icu,4.4.2.v20110208,"com.ibm.icu",1337038632956
started,bundle,org.eclipse.compare.core,3.5.200.I20110208-0800,"org.eclipse.compare.core",1337038632956
started,bundle,org.eclipse.core.contenttype,3.4.100.v20110423-0524,"org.eclipse.core.contenttype",1337038632957
started,bundle,org.eclipse.core.databinding.observable,1.4.0.I20110222-0800,"org.eclipse.core.databinding.observable",1337038632978
started,bundle,org.eclipse.core.expressions,3.4.300.v20110228,"org.eclipse.core.expressions",1337038632978
started,bundle,org.eclipse.core.filebuffers,3.5.200.v20110505-0800,"org.eclipse.core.filebuffers",1337038632978
started,bundle,org.eclipse.core.filesystem,1.3.100.v20110423-0524,"org.eclipse.core.filesystem",1337038632979
started,bundle,org.eclipse.core.jobs,3.5.100.v20110404,"org.eclipse.core.jobs",1337038632980
started,bundle,org.eclipse.core.net,1.2.100.I20110511-0800,"org.eclipse.core.net",1337038632980
started,bundle,org.eclipse.core.resources,3.7.100.v20110510-0712,"org.eclipse.core.resources",1337038632981
started,bundle,org.eclipse.core.runtime,3.7.0.v20110110,"org.eclipse.core.runtime",1337038632981
started,bundle,org.eclipse.core.runtime.compatibility,3.2.100.v20100505,"org.eclipse.core.runtime.compatibility",1337038632981
started,bundle,org.eclipse.core.runtime.compatibility.auth,3.2.200.v20110110,"org.eclipse.core.runtime.compatibility.auth",1337038632982
started,bundle,org.eclipse.core.variables,3.2.500.v20110511,"org.eclipse.core.variables",1337038632984
started,bundle,org.eclipse.debug.core,3.7.0.v20110518,"org.eclipse.debug.core",1337038633017
started,bundle,org.eclipse.epp.mpc.ui,1.1.0.I20110525-0742,"org.eclipse.epp.mpc.ui",1337038633018
started,bundle,org.eclipse.epp.usagedata.gathering,1.3.1.R201106061540,"org.eclipse.epp.usagedata.gathering",1337038633018
started,bundle,org.eclipse.epp.usagedata.recording,1.3.1.R201106061540,"org.eclipse.epp.usagedata.recording",1337038633018
started,bundle,org.eclipse.equinox.app,1.3.100.v20110321,"org.eclipse.equinox.app",1337038633019
started,bundle,org.eclipse.equinox.common,3.6.0.v20110523,"org.eclipse.equinox.common",1337038633019
started,bundle,org.eclipse.equinox.ds,1.3.0.v20110502,"org.eclipse.equinox.ds",1337038633020
started,bundle,org.eclipse.equinox.event,1.2.100.v20110502,"org.eclipse.equinox.event",1337038633020
started,bundle,org.eclipse.equinox.p2.core,2.1.0.v20110502-1955,"org.eclipse.equinox.p2.core",1337038633020
started,bundle,org.eclipse.equinox.p2.directorywatcher,1.0.300.v20110502-1955,"org.eclipse.equinox.p2.directorywatcher",1337038633021
started,bundle,org.eclipse.equinox.p2.engine,2.1.0.v20110511,"org.eclipse.equinox.p2.engine",1337038633031
started,bundle,org.eclipse.equinox.p2.metadata,2.1.0.v20110510,"org.eclipse.equinox.p2.metadata",1337038633031
started,bundle,org.eclipse.equinox.p2.metadata.repository,1.2.0.v20110511-1359,"org.eclipse.equinox.p2.metadata.repository",1337038633032
started,bundle,org.eclipse.equinox.p2.operations,2.1.0.v20110511-1821,"org.eclipse.equinox.p2.operations",1337038633032
started,bundle,org.eclipse.equinox.p2.reconciler.dropins,1.1.100.v20110510,"org.eclipse.equinox.p2.reconciler.dropins",1337038633033
started,bundle,org.eclipse.equinox.p2.repository,2.1.0.v20110601,"org.eclipse.equinox.p2.repository",1337038633035
started,bundle,org.eclipse.equinox.p2.ui.sdk.scheduler,1.0.100.v20110502-1955,"org.eclipse.equinox.p2.ui.sdk.scheduler",1337038633035
started,bundle,org.eclipse.equinox.p2.updatechecker,1.1.200.v20110502-1955,"org.eclipse.equinox.p2.updatechecker",1337038633035
started,bundle,org.eclipse.equinox.preferences,3.4.0.v20110502,"org.eclipse.equinox.preferences",1337038633036
started,bundle,org.eclipse.equinox.registry,3.5.100.v20110502,"org.eclipse.equinox.registry",1337038633037
started,bundle,org.eclipse.equinox.security,1.1.0.v20110502,"org.eclipse.equinox.security",1337038633037
started,bundle,org.eclipse.equinox.util,1.0.300.v20110502,"org.eclipse.equinox.util",1337038633037
started,bundle,org.eclipse.help,3.5.100.v20110426,"org.eclipse.help",1337038633038
started,bundle,org.eclipse.jdt.apt.core,3.3.500.v20110420-1015,"org.eclipse.jdt.apt.core",1337038633038
started,bundle,org.eclipse.jdt.apt.pluggable.core,1.0.400.v20110305-1450,"org.eclipse.jdt.apt.pluggable.core",1337038633039
started,bundle,org.eclipse.jdt.core,3.7.0.v_B61,"org.eclipse.jdt.core",1337038633039
started,bundle,org.eclipse.jdt.core.manipulation,1.4.0.v20110505-0800,"org.eclipse.jdt.core.manipulation",1337038633040
started,bundle,org.eclipse.jdt.launching,3.6.0.v20110509,"org.eclipse.jdt.launching",1337038633040
started,bundle,org.eclipse.jdt.launching.macosx,3.2.100.v20110509,"org.eclipse.jdt.launching.macosx",1337038633041
started,bundle,org.eclipse.jdt.ui,3.7.0.v20110531-1200,"org.eclipse.jdt.ui",1337038633041
started,bundle,org.eclipse.jface,3.7.0.I20110522-1430,"org.eclipse.jface",1337038633041
started,bundle,org.eclipse.jsch.core,1.1.300.I20110514-0800,"org.eclipse.jsch.core",1337038633041
started,bundle,org.eclipse.ltk.core.refactoring,3.5.200.v20110505-0800,"org.eclipse.ltk.core.refactoring",1337038633100
started,bundle,org.eclipse.ltk.ui.refactoring,3.6.0.v20110505-0800,"org.eclipse.ltk.ui.refactoring",1337038633101
started,bundle,org.eclipse.m2e.logback.configuration,1.0.0.20110607-2117,"org.eclipse.m2e.logback.configuration",1337038633102
started,bundle,org.eclipse.mylyn.bugzilla.ui,3.6.0.v20110608-1400,"org.eclipse.mylyn.bugzilla.ui",1337038633102
started,bundle,org.eclipse.mylyn.commons.identity,0.8.0.v20110608-1400,"org.eclipse.mylyn.commons.identity",1337038633102
started,bundle,org.eclipse.mylyn.commons.net,3.6.0.v20110608-1400,"org.eclipse.mylyn.commons.net",1337038633102
started,bundle,org.eclipse.mylyn.context.ui,3.6.0.v20110608-1400,"org.eclipse.mylyn.context.ui",1337038633103
started,bundle,org.eclipse.mylyn.monitor.ui,3.6.0.v20110608-1400,"org.eclipse.mylyn.monitor.ui",1337038633104
started,bundle,org.eclipse.mylyn.team.ui,3.6.0.v20110608-1400,"org.eclipse.mylyn.team.ui",1337038633104
started,bundle,org.eclipse.search,3.7.0.v20110505-0800,"org.eclipse.search",1337038633105
started,bundle,org.eclipse.team.core,3.6.0.I20110525-0800,"org.eclipse.team.core",1337038633105
started,bundle,org.eclipse.team.cvs.core,3.3.400.I20110510-0800,"org.eclipse.team.cvs.core",1337038633107
started,bundle,org.eclipse.team.cvs.ui,3.3.400.I20110510-0800,"org.eclipse.team.cvs.ui",1337038633108
started,bundle,org.eclipse.team.ui,3.6.100.I20110525-0800,"org.eclipse.team.ui",1337038633108
started,bundle,org.eclipse.ui,3.7.0.I20110602-0100,"org.eclipse.ui",1337038633109
started,bundle,org.eclipse.ui.console,3.5.100.v20110511,"org.eclipse.ui.console",1337038633109
started,bundle,org.eclipse.ui.editors,3.7.0.v20110517-0800,"org.eclipse.ui.editors",1337038633109
started,bundle,org.eclipse.ui.forms,3.5.100.v20110425,"org.eclipse.ui.forms",1337038633110
started,bundle,org.eclipse.ui.ide,3.7.0.I20110519-0100,"org.eclipse.ui.ide",1337038633111
started,bundle,org.eclipse.ui.net,1.2.100.I20110511-0800,"org.eclipse.ui.net",1337038633112
started,bundle,org.eclipse.ui.views,3.6.0.I20110412-0800,"org.eclipse.ui.views",1337038633112
started,bundle,org.eclipse.ui.workbench,3.7.0.I20110519-0100,"org.eclipse.ui.workbench",1337038633112
started,bundle,org.eclipse.ui.workbench.texteditor,3.7.0.v20110505-0800,"org.eclipse.ui.workbench.texteditor",1337038633113
started,bundle,org.eclipse.update.configurator,3.3.100.v20100512,"org.eclipse.update.configurator",1337038633114
started,bundle,org.eclipse.update.core,3.2.500.v20110330,"org.eclipse.update.core",1337038633114
started,bundle,org.eclipse.update.scheduler,3.2.300.v20100512,"org.eclipse.update.scheduler",1337038633115
